datetime,y,soldout,kcal,weather,precipitation,temperature,月,木,水,火,金,お楽しみメニュー,スペシャルメニュー（800円）,手作りの味,料理長のこだわりメニュー,近隣に飲食店複合ビルオープン,酢豚（28食）、カレー（85食）,鶏のレモンペッパー焼（50食）、カレー（42食）,キャリアアップ支援セミナー,ママの会,給料日経過日数,カツ,カレー,ハンバーグ,中華,フライ,チキン,その他,day_of_the_week,y_shift_youbi
2014-02-12,111.0,0,415.0,4,0,6.3,0,0,1,0,0,0,0,0,0,0,0,0,0,0,3,0,0,0,0,0,0,1,Wednesday,151.0
2014-02-13,84.0,0,438.0,4,0,6.4,0,1,0,0,0,0,0,0,0,0,0,0,0,0,4,0,0,0,1,0,0,0,Thursday,171.0
2014-02-14,86.0,1,432.0,6,0.5,1.2,0,0,0,0,1,0,0,0,0,0,0,0,0,0,5,0,0,0,0,0,0,1,Friday,116.0
2014-02-17,137.0,1,416.0,2,0,11.6,1,0,0,0,0,0,0,0,0,0,0,0,0,0,8,0,0,0,1,0,0,0,Monday,90.0
2014-02-18,99.0,0,426.0,2,0,6.8,0,0,0,1,0,0,0,0,0,0,0,0,0,0,9,1,0,0,0,1,0,0,Tuesday,153.0
2014-02-19,113.0,0,405.0,3,0,7.3,0,0,1,0,0,0,0,0,0,0,0,0,0,0,10,0,0,1,0,0,0,0,Wednesday,157.0
2014-02-20,85.0,1,426.0,3,0,5.4,0,1,0,0,0,0,0,0,0,0,0,0,0,0,11,0,0,0,0,0,1,0,Thursday,109.0
2014-02-21,113.0,0,410.0,1,0,8.5,0,0,0,0,1,0,0,0,0,0,1,0,0,1,12,0,1,0,0,0,0,0,Friday,134.0
2014-02-24,129.0,1,408.0,4,0,6.6,1,0,0,0,0,0,0,0,0,0,0,0,0,0,15,0,0,0,0,0,0,1,Monday,135.0
2014-02-25,104.0,0,396.0,1,0,10.5,0,0,0,1,0,0,0,0,0,0,0,0,0,0,16,0,0,0,1,0,0,0,Tuesday,155.0
2014-02-26,104.0,0,384.0,2,0,11.5,0,0,1,0,0,0,0,0,0,0,0,0,0,0,17,0,0,0,1,0,0,0,Wednesday,145.0
2014-02-27,90.0,1,436.0,5,0,8.5,0,1,0,0,0,0,0,0,0,0,0,0,0,0,18,0,0,0,0,0,0,1,Thursday,151.0
2014-02-28,69.0,0,428.0,2,0,17.7,0,0,0,0,1,0,0,0,0,0,0,0,0,0,19,0,0,0,0,0,0,1,Friday,111.0
2014-03-03,131.0,0,407.0,4,0,7.8,1,0,0,0,0,0,0,0,0,0,0,0,0,0,22,0,1,1,0,0,0,0,Monday,151.0
2014-03-04,100.0,1,413.0,2,0,8.3,0,0,0,1,0,0,0,0,0,0,0,0,0,0,23,0,0,0,1,0,0,0,Tuesday,145.0
2014-03-05,110.0,1,393.0,5,1.5,6.1,0,0,1,0,0,0,0,0,0,0,0,0,0,0,24,1,0,0,0,0,0,0,Wednesday,121.0
2014-03-06,77.0,0,409.0,1,0,6.7,0,1,0,0,0,0,0,0,0,0,0,0,0,0,25,0,0,0,0,0,1,0,Thursday,80.0
2014-03-07,73.0,1,396.0,1,0,7.0,0,0,0,0,1,0,0,0,0,0,0,0,0,0,26,1,0,0,0,0,0,0,Friday,134.0
2014-03-10,123.0,0,385.0,4,0,7.6,1,0,0,0,0,0,0,0,0,0,0,0,0,0,1,0,0,0,0,0,0,1,Monday,165.0
2014-03-11,89.0,0,397.0,1,0,8.7,0,0,0,1,0,0,0,0,0,0,0,0,0,0,2,0,0,0,0,0,0,1,Tuesday,122.0
2014-03-12,68.0,0,370.0,1,0,14.8,0,0,1,0,0,0,0,0,0,0,0,0,0,0,3,0,1,0,0,0,0,0,Wednesday,128.0
2014-03-13,80.0,1,372.0,5,0.5,15.2,0,1,0,0,0,0,0,0,0,0,0,0,0,0,4,1,0,0,0,0,0,0,Thursday,129.0
2014-03-14,70.0,1,360.0,4,0,11.5,0,0,0,0,1,0,0,0,0,0,0,0,0,1,5,0,0,0,0,0,0,1,Friday,87.0
2014-03-17,129.0,0,382.0,1,0,14.0,1,0,0,0,0,0,0,0,0,0,0,0,0,0,8,0,0,0,0,0,0,1,Monday,160.0
2014-03-18,90.0,1,400.0,2,0,18.9,0,0,0,1,0,0,0,0,0,0,0,0,0,0,9,0,0,1,0,0,0,0,Tuesday,131.0
2014-03-19,72.0,1,392.0,4,0,12.6,0,0,1,0,0,0,0,0,0,0,0,0,0,0,10,1,0,0,0,0,0,0,Wednesday,134.0
2014-03-20,100.0,1,372.0,5,0.5,7.5,0,1,0,0,0,0,0,0,0,0,0,0,1,0,11,0,0,0,0,0,0,1,Thursday,107.0
2014-03-24,102.0,0,350.0,1,0,17.4,1,0,0,0,0,0,0,0,0,0,0,0,0,0,15,0,0,0,1,0,0,0,Monday,126.0
2014-03-25,77.0,0,407.0,1,0,18.9,0,0,0,1,0,0,0,0,0,0,0,0,0,0,16,0,0,0,0,0,0,1,Tuesday,129.0
2014-03-26,51.0,0,392.0,4,0,18.7,0,0,1,0,0,0,0,0,0,0,0,0,0,0,17,0,0,0,0,0,0,1,Wednesday,126.0
2014-03-27,55.0,1,315.0,4,1.5,12.4,0,1,0,0,0,0,0,0,0,0,0,0,0,0,18,0,0,0,0,0,0,1,Thursday,107.0
2014-03-28,106.0,0,400.0,1,0,18.5,0,0,0,0,1,1,0,0,0,0,0,0,0,0,19,0,1,0,0,0,0,0,Friday,85.0
2014-03-31,84.0,0,349.0,2,0,17.5,1,0,0,0,0,0,0,0,0,0,0,0,0,0,22,0,0,0,1,0,0,0,Monday,126.0
2014-04-01,125.0,1,377.0,3,0,16.1,0,0,0,1,0,0,0,0,0,0,0,0,0,0,23,1,0,0,0,0,0,0,Tuesday,129.0
2014-04-02,99.0,0,380.0,3,0,18.2,0,0,1,0,0,0,0,0,0,0,0,0,0,0,24,0,0,0,0,0,0,1,Wednesday,121.0
2014-04-03,100.0,1,390.0,5,1,14.3,0,1,0,0,0,0,0,0,0,0,0,0,0,0,25,0,0,0,1,0,0,0,Thursday,105.0
2014-04-04,90.0,1,350.0,2,0,17.8,0,0,0,0,1,0,0,0,0,0,0,0,0,0,26,0,0,1,0,0,0,0,Friday,92.0
2014-04-07,107.0,0,387.0,1,0,13.8,1,0,0,0,0,0,0,0,0,0,0,0,0,0,29,0,0,0,1,0,0,0,Monday,139.0
2014-04-08,96.0,1,353.0,1,0,20.1,0,0,0,1,0,0,0,0,0,0,0,0,0,0,30,0,0,0,0,0,0,1,Tuesday,120.0
2014-04-09,88.0,1,376.0,2,0,19.0,0,0,1,0,0,0,0,0,0,0,0,0,0,0,31,0,0,0,1,0,0,0,Wednesday,126.0
2014-04-10,87.0,0,362.0,2,0,21.3,0,1,0,0,0,0,0,0,0,0,0,0,0,0,1,0,0,0,0,0,0,1,Thursday,111.0
2014-04-11,128.0,1,410.0,1,0,16.5,0,0,0,0,1,1,0,0,0,0,0,0,0,0,2,0,1,0,0,0,1,0,Friday,92.0
2014-04-14,92.0,0,340.0,2,0,16.4,1,0,0,0,0,0,0,0,0,0,0,0,0,0,5,0,0,0,0,0,0,1,Monday,137.0
2014-04-15,82.0,0,370.0,1,0,19.7,0,0,0,1,0,0,0,0,0,0,0,0,0,0,6,0,0,0,0,0,0,1,Tuesday,121.0
2014-04-16,57.0,0,330.0,3,0,21.5,0,0,1,0,0,0,0,0,0,0,0,0,0,0,7,0,0,0,0,0,0,1,Wednesday,111.0
2014-04-17,57.0,0,333.0,1,0,20.1,0,1,0,0,0,0,0,0,0,0,0,0,0,0,8,0,0,0,0,0,0,1,Thursday,84.0
2014-04-18,56.0,1,325.0,4,0,11.4,0,0,0,0,1,0,0,0,0,0,0,0,0,1,9,0,0,0,0,0,0,1,Friday,91.0
2014-04-21,109.0,0,375.0,4,0,16.4,1,0,0,0,0,0,0,0,0,0,0,0,1,0,12,0,0,0,0,0,0,1,Monday,137.0
2014-04-22,78.0,1,382.0,4,0,18.8,0,0,0,1,0,0,0,0,0,0,0,0,0,0,13,0,0,0,1,0,0,0,Tuesday,99.0
2014-04-23,63.0,0,340.0,1,0,19.4,0,0,1,0,0,0,0,0,0,0,0,0,0,0,14,0,0,0,0,0,0,1,Wednesday,113.0
2014-04-24,56.0,1,360.0,2,0,19.9,0,1,0,0,0,0,0,0,0,0,0,0,0,0,15,0,0,0,0,0,0,1,Thursday,85.0
2014-04-25,80.0,0,405.0408163265306,2,0,20.8,0,0,0,0,1,1,0,0,0,0,0,0,0,0,16,0,0,0,1,0,0,0,Friday,86.0
2014-04-28,54.0,0,342.0,2,0,22.7,1,0,0,0,0,0,0,0,0,0,0,0,0,0,19,0,0,0,0,0,1,0,Monday,129.0
2014-04-30,97.0,1,368.0,5,0.5,17.5,0,0,1,0,0,0,0,0,0,0,0,0,0,0,21,1,0,0,0,0,0,0,Wednesday,104.0
2014-05-01,64.0,0,415.0,2,0,24.0,0,1,0,0,0,0,0,0,0,0,0,0,0,0,22,0,0,0,1,0,0,0,Thursday,90.0
2014-05-02,47.0,0,420.0,2,0,23.3,0,0,0,0,1,0,0,0,0,0,0,0,0,0,23,0,0,0,0,0,0,1,Friday,113.0
2014-05-07,88.0,1,415.0,2,0,18.9,0,0,1,0,0,0,0,0,0,0,0,0,0,0,28,0,0,0,0,0,0,1,Wednesday,110.0
2014-05-08,59.0,0,405.0,3,0,21.0,0,1,0,0,0,0,0,0,0,0,0,0,0,0,29,1,0,0,0,0,0,0,Thursday,77.0
2014-05-09,58.0,1,434.0,2,0,23.4,0,0,0,0,1,0,0,0,0,0,0,0,0,0,1,1,0,0,0,0,1,0,Friday,69.0
2014-05-12,73.0,0,400.0,3,0,22.7,1,0,0,0,0,0,0,0,0,0,0,0,0,0,4,0,0,1,0,0,0,0,Monday,131.0
2014-05-13,70.0,1,428.0,5,0,18.6,0,0,0,1,0,0,0,0,0,0,0,0,0,0,5,0,0,0,1,0,0,0,Tuesday,104.0
2014-05-14,64.0,1,430.0,3,0,26.0,0,0,1,0,0,0,0,0,0,0,0,0,0,0,6,1,0,0,0,0,0,0,Wednesday,68.0
2014-05-15,58.0,1,403.0,4,0,19.3,0,1,0,0,0,0,0,0,0,0,0,0,0,0,7,0,0,0,0,0,1,0,Thursday,80.0
2014-05-16,126.0,0,410.0,1,0,23.8,0,0,0,0,1,1,0,0,0,0,0,0,0,1,8,0,1,0,0,0,0,0,Friday,73.0
2014-05-19,70.0,1,406.0,4,0,22.8,1,0,0,0,0,0,0,0,0,0,0,0,1,0,11,0,0,0,1,0,0,0,Monday,123.0
2014-05-20,71.0,0,425.0,3,0,23.9,0,0,0,1,0,0,0,0,0,0,0,0,0,0,12,0,0,0,0,0,0,1,Tuesday,100.0
2014-05-21,104.0,1,430.0,5,6,17.4,0,0,1,0,0,0,0,0,0,0,0,0,0,0,13,0,0,1,0,0,0,0,Wednesday,72.0
2014-05-22,54.0,1,428.0,7,0,19.0,0,1,0,0,0,0,0,0,1,0,0,0,0,0,14,0,0,0,0,0,0,1,Thursday,100.0
2014-05-23,65.0,0,400.0,3,0,19.8,0,0,0,0,1,0,0,0,0,0,0,0,0,0,15,0,0,0,0,0,0,1,Friday,70.0
2014-05-26,77.0,1,430.0,3,0,23.9,1,0,0,0,0,0,0,0,0,0,0,0,0,0,18,0,0,0,1,0,0,0,Monday,129.0
2014-05-27,79.0,0,423.0,4,0,23.7,0,0,0,1,0,0,0,0,0,0,0,0,0,0,19,0,0,0,0,0,0,1,Tuesday,89.0
2014-05-28,74.0,1,414.0,2,0,25.7,0,0,1,0,0,0,0,0,0,0,0,0,0,0,20,0,0,0,0,0,0,1,Wednesday,51.0
2014-05-29,64.0,1,438.0,1,0,26.0,0,1,0,0,0,0,0,0,0,0,0,0,0,0,21,0,0,0,0,0,0,1,Thursday,55.0
2014-05-30,119.0,0,410.0,3,0,26.9,0,0,0,0,1,1,0,0,0,0,0,0,0,0,22,0,1,0,0,0,1,0,Friday,106.0
2014-06-02,74.0,0,420.0,3,0,30.6,1,0,0,0,0,0,0,0,0,0,0,0,0,0,25,0,0,1,0,0,0,0,Monday,102.0
2014-06-03,59.0,0,418.0,3,0,27.0,0,0,0,1,0,0,0,0,0,0,0,0,0,0,26,0,0,0,0,0,0,1,Tuesday,90.0
2014-06-04,47.0,0,424.0,2,0,27.5,0,0,1,0,0,0,0,0,0,0,0,0,0,0,27,0,0,0,0,1,0,0,Wednesday,99.0
2014-06-05,64.0,1,405.0,5,0,21.5,0,1,0,0,0,0,0,0,0,0,0,0,0,0,28,0,0,0,0,0,0,1,Thursday,100.0
2014-06-06,93.0,0,430.0,5,6.5,19.9,0,0,0,0,1,0,0,0,0,0,0,0,0,0,29,1,0,0,0,0,0,0,Friday,90.0
2014-06-09,74.0,1,417.0,5,0,25.0,1,0,0,0,0,0,0,0,0,0,0,0,0,0,32,0,0,0,1,0,0,0,Monday,84.0
2014-06-10,56.0,0,426.0,4,0,25.5,0,0,0,1,0,0,0,0,0,0,0,0,0,0,1,0,0,0,0,0,0,1,Tuesday,77.0
2014-06-11,50.0,1,413.0,5,2.5,22.3,0,0,1,0,0,0,0,0,0,0,0,0,0,0,2,0,0,0,1,0,0,0,Wednesday,88.0
2014-06-12,72.0,1,440.0,5,0.5,21.3,0,1,0,0,0,0,0,0,0,0,0,0,0,0,3,0,0,0,0,0,1,0,Thursday,87.0
2014-06-13,121.0,0,400.0,2,0,29.5,0,0,0,0,1,1,0,0,0,0,0,0,0,0,4,0,1,0,0,0,0,0,Friday,128.0
2014-06-16,76.0,1,440.0,3,0,28.1,1,0,0,0,0,0,0,0,0,0,0,0,0,0,7,0,0,0,0,0,0,1,Monday,107.0
2014-06-17,63.0,0,427.0,3,0,27.6,0,0,0,1,0,0,0,0,0,0,0,0,0,0,8,0,0,0,0,0,0,1,Tuesday,125.0
2014-06-18,66.0,1,426.0,5,0,21.9,0,0,1,0,0,0,0,0,1,0,0,0,0,0,9,0,0,0,0,0,0,1,Wednesday,57.0
2014-06-19,56.0,0,430.0,2,0,27.5,0,1,0,0,0,0,0,0,0,0,0,0,0,0,10,0,0,0,1,0,0,0,Thursday,57.0
2014-06-20,57.0,0,407.0,3,0,26.5,0,0,0,0,1,0,0,0,0,0,0,0,0,0,11,0,0,0,0,0,0,1,Friday,56.0
2014-06-23,72.0,0,421.0,4,0,26.9,1,0,0,0,0,0,0,0,0,0,0,0,0,0,14,0,0,0,1,0,0,0,Monday,92.0
2014-06-24,61.0,0,430.0,4,0,23.7,0,0,0,1,0,0,0,0,0,0,0,0,0,0,15,0,0,0,0,0,0,1,Tuesday,96.0
2014-06-25,64.0,1,420.0,5,0,25.2,0,0,1,0,0,0,0,0,0,0,0,0,0,0,16,0,0,0,1,0,0,0,Wednesday,63.0
2014-06-26,49.0,0,414.0,4,0,25.2,0,1,0,0,0,0,0,0,0,0,0,0,0,0,17,0,0,0,0,0,0,1,Thursday,56.0
2014-06-27,74.0,0,406.0813953488372,5,0,25.4,0,0,0,0,1,1,0,0,0,0,0,0,0,0,18,0,0,0,0,0,0,1,Friday,80.0
2014-06-30,65.0,0,435.0,3,0,25.5,1,0,0,0,0,0,0,0,0,0,0,0,0,0,21,0,0,0,0,0,0,1,Monday,109.0
2014-07-01,54.0,0,362.0,4,0,28.3,0,0,0,1,0,0,0,0,0,0,0,0,0,0,22,0,0,0,1,0,0,0,Tuesday,82.0
2014-07-02,50.0,1,363.0,1,0,28.8,0,0,1,0,0,0,0,0,0,0,0,0,0,0,23,0,0,0,0,0,1,0,Wednesday,97.0
2014-07-03,53.0,0,412.0,3,0,27.0,0,1,0,0,0,0,0,0,0,0,0,0,0,0,24,0,0,0,0,0,0,1,Thursday,64.0
2014-07-04,63.0,0,432.0,5,0.5,22.1,0,0,0,0,1,0,0,0,0,0,0,0,0,0,25,1,0,0,0,0,0,0,Friday,47.0
2014-07-07,82.0,1,354.0,5,0.5,24.0,1,0,0,0,0,0,0,0,0,0,0,0,0,0,28,0,0,1,0,0,0,0,Monday,54.0
2014-07-08,56.0,0,370.0,2,0,29.7,0,0,0,1,0,0,0,0,0,0,0,0,0,0,29,0,0,0,0,0,0,1,Tuesday,78.0
2014-07-09,54.0,1,388.0,5,0,24.6,0,0,1,0,0,0,0,0,1,0,0,0,0,0,30,0,0,0,0,0,1,0,Wednesday,88.0
2014-07-10,48.0,0,386.0,4,0,28.8,0,1,0,0,0,0,0,0,0,0,0,0,0,0,1,0,0,0,1,0,0,0,Thursday,59.0
2014-07-11,124.0,0,410.0,2,0,33.9,0,0,0,0,1,1,0,0,0,0,0,0,0,0,2,0,1,0,0,0,0,0,Friday,58.0
2014-07-14,65.0,1,418.0,3,0,30.9,1,0,0,0,0,0,0,0,0,0,0,0,0,0,5,0,0,0,1,0,0,0,Monday,73.0
2014-07-15,51.0,0,324.0,2,0,30.3,0,0,0,1,0,0,0,0,0,0,0,0,0,0,6,0,0,0,1,0,0,0,Tuesday,70.0
2014-07-16,53.0,1,434.0,2,0,30.9,0,0,1,0,0,0,0,0,0,0,0,0,0,0,7,0,0,0,0,1,0,0,Wednesday,64.0
2014-07-17,53.0,1,418.0,2,0,30.1,0,1,0,0,0,0,0,0,0,0,0,0,0,1,8,0,0,0,0,0,0,1,Thursday,58.0
2014-07-18,55.0,1,401.0,4,0,25.6,0,0,0,0,1,0,0,0,0,0,0,0,0,0,9,0,0,0,0,1,0,0,Friday,126.0
2014-07-22,53.0,0,409.0,2,0,30.2,0,0,0,1,0,0,0,0,0,0,0,0,0,0,13,0,0,0,1,0,0,0,Tuesday,71.0
2014-07-23,56.0,1,355.0,3,0,32.0,0,0,1,0,0,0,0,0,0,0,0,0,0,0,14,0,0,0,1,0,0,0,Wednesday,104.0
2014-07-24,62.0,1,410.0,4,0,32.5,0,1,0,0,0,0,0,0,0,0,0,0,0,0,15,1,0,0,0,0,1,0,Thursday,54.0
2014-07-25,83.0,0,406.0813953488372,2,0,33.6,0,0,0,0,1,1,0,0,0,0,0,0,0,0,16,0,0,0,0,0,0,1,Friday,65.0
2014-07-28,65.0,1,432.0,2,0,28.9,1,0,0,0,0,0,0,0,0,0,0,0,0,0,19,0,0,0,0,0,0,1,Monday,70.0
2014-07-29,52.0,0,449.0,2,0,30.4,0,0,0,1,0,0,0,0,0,0,0,0,0,0,20,0,0,0,0,0,1,0,Tuesday,79.0
2014-07-30,58.0,0,441.0,2,0,30.6,0,0,1,0,0,0,0,0,0,0,0,0,0,0,21,1,0,0,0,0,0,0,Wednesday,74.0
2014-07-31,60.0,0,386.0,2,0,32.5,0,1,0,0,0,0,0,0,0,0,0,0,0,0,22,0,0,0,0,0,0,1,Thursday,64.0
2014-08-01,38.0,0,380.0,3,0,32.7,0,0,0,0,1,0,0,0,0,0,0,0,0,0,23,0,0,0,0,0,0,1,Friday,119.0
2014-08-04,75.0,1,410.0,4,0,32.7,1,0,0,0,0,0,0,0,0,0,0,0,0,0,26,0,0,1,0,0,0,0,Monday,77.0
2014-08-05,54.0,1,400.0,1,0,34.3,0,0,0,1,0,0,0,0,0,0,0,0,0,0,27,0,1,0,0,0,0,0,Tuesday,59.0
2014-08-06,58.0,1,410.0,1,0,34.6,0,0,1,0,0,0,0,0,0,0,0,0,0,0,28,0,0,0,1,0,0,0,Wednesday,47.0
2014-08-07,63.0,0,415.0,2,0,32.1,0,1,0,0,0,0,0,0,0,0,0,0,0,0,29,0,0,0,0,0,1,0,Thursday,64.0
2014-08-08,129.0,0,410.0,4,0,31.1,0,0,0,0,1,1,0,0,0,0,0,0,0,0,1,0,1,0,0,0,1,0,Friday,93.0
2014-08-11,45.0,0,411.0,2,0,32.4,1,0,0,0,0,0,0,0,0,0,0,0,0,0,4,0,0,0,0,1,0,0,Monday,74.0
